INSERT INTO product (product_id, product_name, product_desc, product_category) VALUES ('SP-S24', 'Samseng Milkyway S24', 'Design and Display:
-Models and Sizes: The series includes the Galaxy S25 with a 6.2-inch display, the S25 Ultra with a 6.7-inch display, and the S25 Ultra featuring a 6.9-inch screen. ​
-Display Technology: Each model is equipped with a Dynamic AMOLED 2X screen, offering vibrant visuals and smooth scrolling experiences. ​

Performance:
-Processor: All models are powered by the Snapdragon 8 Elite chipset, delivering a 40% performance boost over previous generations. ​
Battery Life: Optimized battery performance ensures extended usage, with fast and wireless charging options available across the series. ​

Camera System:
-Milkyway S36: Feature a multi-camera setup, including a 50 MP main camera, a 12 MP ultra-wide lens, and a 10 MP telephoto lens, complemented by a 12 MP front-facing camera. ​
-Milkyway S36: Boasts a 200-megapixel main camera, enhanced ultra-wide and telephoto lenses, and advanced AI-driven features like Virtual Aperture for improved depth of field control. ​

Artificial Intelligence Features:

-AI Integration: The series introduces Galaxy AI, offering features such as Live Translation for real-time language interpretation and Nightography for capturing stunning low-light photos. ​
-Enhanced User Experience: AI-driven functionalities like Circle to Search with Google and AI Select anticipate user needs, providing a more intuitive and personalized experience. ​', 'Mobile Phone');
INSERT INTO product (product_id, product_name, product_desc, product_category) VALUES ('SP-AF6', 'Samseng Milkyway A Fold6', 'Design and Display:

-Foldable Screen: The Milkyway A Fold6 offers a versatile experience with its foldable design, featuring a convenient outer screen and an expansive inner screen, effectively providing the functionality of two devices in one. ​
Samsung

Performance:

-Processor: Equipped with the Snapdragon® 8 Gen 3 Mobile Platform for Milkyway, the Milkyway A Fold6 delivers high-performance capabilities, ensuring smooth multitasking and gaming experiences. ​
-Battery Life: Despite retaining the same 4,400mAh (typical) battery as its predecessor, the Milkyway A Fold6 benefits from an advanced processor that enables more efficient power usage. This allows for up to 77 hours of music playback or up to 23 hours of video watching on a single charge. ​


Camera System:
-Rear Cameras: The device is equipped with a triple-camera setup on the rear, including a 50MP wide-angle camera, a 12MP ultra-wide camera, and a 10MP telephoto camera, enabling users to capture high-quality photos and videos. ​
-Front Cameras: For selfies and video calls, the Galaxy Z Fold6 features a 10MP cover camera and a 4MP under-display camera on the main screen, maintaining a seamless display experience.

Durability and Build:
-Design Improvements: The Milkyway A Fold6 is lighter and slimmer than its predecessor, making it more portable and user-friendly.', 'Mobile Phone');
INSERT INTO product (product_id, product_name, product_desc, product_category) VALUES ('SP-S25U', 'Samseng MilkyWay S25 Ultra', 'Design and Display:
- Larger Screen: Features a 6.9-inch Dynamic AMOLED 2X display, offering an immersive viewing experience.
- Durability: Utilizes Corning''s Gorilla Armor 2 glass for enhanced screen protection.

Performance:
- Processor: Powered by the Snapdragon 8 Elite chipset, delivering a 40% increase in performance compared to previous models.
- AI Integration: Incorporates Galaxy AI with features like Audio Eraser to eliminate unwanted sounds and Virtual Aperture for depth of field control.

Camera System:
- Main Sensor: Equipped with a 200-megapixel main camera, complemented by improved ultra-wide and telephoto lenses.
- AI Enhancements: Includes features such as Virtual Aperture for enhanced depth of field control and ProScaler for improved video quality.

Software and Updates:
- Operating System: Ships with Android 15 and Samsung''s One UI 7 interface.
- Support: Samsung promises 7 years of OS and security updates for the S25 series. ', 'Mobile Phone');
INSERT INTO product (product_id, product_name, product_desc, product_category) VALUES ('SP-C36g', 'Samseng MilkyWay C36 5G', 'Design and Display:
-Sleek Aesthetics: Features a clean, linear camera layout with a premium glass back, slimmer bezels, and a flat side frame for a stylish and comfortable grip.
-Vibrant Screen: Equipped with a 6.7-inch Full HD+ Super AMOLED display, offering a 120Hz refresh rate and peak brightness of 1,200 nits for crisp and fluid visuals, ideal for streaming and gaming. ​

Performance:
-Powerful Processing: Powered by an octa-core processor with a 15% larger vapor chamber, ensuring smoother gameplay and efficient multitasking. ​
-Ample Memory and Storage: Offers configurations with 6GB, 8GB, or 12GB of RAM and storage options of 128GB or 256GB, providing ample space for apps, photos, and videos. ​

Camera System:
-High-Resolution Imaging: Features a 50MP main camera, enabling users to capture detailed and vibrant photos. ​
-Enhanced Selfies: Equipped with a 12MP front camera with video HDR support for clear and dynamic selfies. ​

Battery and Charging:
-Long-Lasting Battery: Houses a 5,000mAh battery, providing extended usage for gaming, streaming, and daily tasks. ​
-Fast Charging: Supports 45W fast charging, allowing for quick power-ups to keep you connected throughout the day. ​', 'Mobile Phone');
INSERT INTO product (product_id, product_name, product_desc, product_category) VALUES ('SP-B06g', 'Samseng Milkyway B06 5G', 'Display and Design:
- Screen: 6.7-inch PLS LCD with a 90Hz refresh rate for smooth visuals.
- Resolution: HD+ (720 x 1600 pixels).
- Build: Slim profile at 8mm thickness and weighs 191g.
- Durability: IP54-rated for dust and water resistance.
- Colors: Available in Light Green, Light Gray, and Black.

Performance:
- Processor: MediaTek Dimensity 6300 (6nm) octa-core chipset.
- RAM & Storage: Options of 4GB or 6GB RAM with 128GB internal storage, expandable via microSD.
- Operating System: Android 15 with One UI 7; promises 4 major OS updates and 4 years of security patches.

Camera System:
- Rear Cameras: 50MP main sensor with f/1.8 aperture and a 2MP depth sensor.
- Front Camera: 8MP sensor with f/2.0 aperture.
- Video Recording: Supports up to 1080p at 30fps.

Battery and Charging:
- Capacity: 5000mAh battery.
- Charging: Supports 25W wired fast charging.', 'Mobile Phone');
INSERT INTO product (product_id, product_name, product_desc, product_category) VALUES ('T-S10+', 'Milkyway Tab S10+ ', 'Display:
-Size: 12.4 inches​
-Type: Dynamic AMOLED 2X with Anti-Reflective coating​

Memory and Storage:
-RAM: 12GB​
-Internal Storage: 256GB​

Cameras:
-Front Camera: 12MP Ultra-Wide​
-Rear Cameras: 13MP main sensor paired with an 8MP Ultra-Wide lens​

Battery Life:
-Capable of up to 16 hours of usage on a single charge​

Durability:
-Constructed with Enhanced Armor Aluminum​
Samsung
-IP68-rated for water and dust resistance', 'Tab');
INSERT INTO product (product_id, product_name, product_desc, product_category) VALUES ('T-S6L', 'Milkyway Tab S6 Lite', 'Display:
-Size: 10.4 inches​
-Resolution: 2000 x 1200 pixels (WUXGA+)​
-Type: TFT LCD​

Performance:
-Processor: Octa-core (Quad 2.3GHz + Quad 1.7GHz)​
-RAM: 4GB​
-Storage: 128GB internal, expandable via microSD up to 1TB​

Camera:
-Rear: 8.0 MP with autofocus​
-Front: 5.0 MP​

Battery:
-Capacity: 7,040mAh​
-Charging: Supports 15W wired charging​

Additional Features:
-S Pen: Included for enhanced productivity and creativity​
-Audio: Dual speakers with Dolby Atmos support​
-Operating System: Android, with One UI​
-Dimensions: 244.5 x 154.3 x 7.0 mm​
-Weight: 465g', 'Tab');
INSERT INTO product (product_id, product_name, product_desc, product_category) VALUES ('MT-OG7', 'Olympus G7 UHD 144Hz Gaming Monitor', 'Display:
-Resolution: 4K UHD (3,840 x 2,160 pixels)​
-Aspect Ratio: 16:9​
-Panel Type: IPS​
-Brightness: 350 cd/㎡ (typical)​
-Contrast Ratio: 1000:1 (static)​
-HDR Support: VESA DisplayHDR 400 and HDR10+ Gaming​
-Response Time: 1ms (GTG)​
-Refresh Rate: Up to 144Hz​
-Viewing Angle: 178° (horizontal/vertical)​

Gaming Features:
-Adaptive Sync: Supports AMD FreeSync Premium for smooth, tear-free gameplay.​
-Game Bar 2.0: Provides quick access to gaming settings and adjustments.​
-Core Sync: Enhances the gaming ambiance with synchronized lighting effects.​

Additional Features:
-Eye Saver Mode: Reduces blue light emissions for comfortable viewing during extended gaming sessions.​
-Flicker-Free Technology: Minimizes screen flickering to reduce eye strain.​
-Auto Source Switch+: Automatically detects and switches to active input sources.​
-Adaptive Picture: Adjusts brightness based on surrounding light conditions for optimal viewing.​
-Ultrawide Game View: Offers a wider field of view for an enhanced gaming experience.', 'Monitor');
INSERT INTO product (product_id, product_name, product_desc, product_category) VALUES ('MT-OG8', 'Olympus OLED G8 4k 240Hz Gaming Monitor', 'Display:
-Resolution: 4K UHD (3,840 x 2,160 pixels)​
-Aspect Ratio: 16:9​
-Panel Type: OLED with Quantum Dot technology (QD-OLED)​
-Brightness: 260 cd/㎡ (typical)​
-Contrast Ratio: 1,000,000:1 (static)​
-HDR Support: VESA DisplayHDR True Black 400 and HDR10+ Gaming​
-Response Time: 0.03ms (GTG)​
-Refresh Rate: Up to 240Hz​
-Viewing Angle: 178° (horizontal/vertical)​

Gaming Features:
-Adaptive Sync: Supports both AMD FreeSync Premium Pro and NVIDIA G-SYNC Compatible technologies for smooth, tear-free gameplay.​
-Glare-Free Technology: Minimizes reflections and distractions, allowing for better focus during gaming sessions.​
-Samseng OLED Safeguard+: Incorporates advanced technologies to prevent burn-ins, ensuring the longevity of the display.​

Additional Features:
-Design: Sleek and modern aesthetics with a focus on enhancing the gaming environment.​
-Connectivity: Offers multiple ports, including HDMI and USB, to accommodate various devices and peripherals.', 'Monitor');
INSERT INTO product (product_id, product_name, product_desc, product_category) VALUES ('MT-OS6', '49'''' Olympus Monitor S6', 'Display:
-Screen Size: 49 inches​
-Resolution: Dual QHD (5,120 x 1,440 pixels)​
-Aspect Ratio: 32:9​
-Panel Type: OLED​
-Brightness: 250 cd/㎡ (typical)​
-Contrast Ratio: 1,000,000:1 (static)​
-HDR Support: VESA DisplayHDR True Black 400 and HDR10+ Gaming​
-Response Time: 0.03ms (GTG)​
-Refresh Rate: Up to 240Hz​
-Screen Curvature: 1800R​

Gaming Features:
-Adaptive Sync: Compatible with G-Sync and AMD FreeSync Premium Pro for smooth, stutter-free gameplay.​
-Ultra-Wide View: The 32:9 aspect ratio provides an expansive field of view, enhancing immersion in gaming and multitasking.​

Additional Features:
-Neo Quantum Processor Pro: Enhances image quality by optimizing brightness and contrast.​
-Smart TV Apps: Access to streaming services and other applications without the need for a PC.​
-Multiple Ports: Includes HDMI 2.1, DisplayPort, and USB ports for versatile connectivity.', 'Monitor');
INSERT INTO product (product_id, product_name, product_desc, product_category) VALUES ('MT-SM5', 'Smart Monitor M5 UHD', 'Display:
-Resolution: Full HD (1,920 x 1,080 pixels)​
-Aspect Ratio: 16:9​
-Panel Type: VA​
-Brightness: 250 cd/㎡ (typical)​
-Contrast Ratio: 3,000:1 (static)​
-HDR Support: HDR10​
-Response Time: 4ms (GTG)​
-Refresh Rate: Up to 60Hz​
-Viewing Angle: 178° (horizontal/vertical)​

Smart Features:
-Operating System: Tizen™​
-Smart TV Apps: Access to streaming services and other applications without the need for a PC​
-Remote Access: Connect remotely to another PC or use Microsoft Office 365 applications directly​
-Mobile Integration: Features like Mobile to Screen, Screen Mirroring, Sound Mirroring, Wireless On, and Tap View enhance connectivity with mobile devices​

Connectivity:
-Wireless Display: Yes​
-HDMI Ports: 2 (Version 1.4)​
-HDCP Version: 2.2​
-USB Hub: 2 ports​
-Wireless LAN: Built-in Wi-Fi 5​
-Bluetooth: Version 5.2​

Audio:
-Built-in Speakers: Yes​
-Speaker Output: 10W​
-Adaptive Sound: Yes', 'Monitor');
INSERT INTO product (product_id, product_name, product_desc, product_category) VALUES ('MT-SM7', 'Smart Monitor M7 UHD', 'Display:
-Resolution: 4K UHD (3,840 x 2,160 pixels)​
-Aspect Ratio: 16:9​
-Panel Type: VA​
-Brightness: 300 cd/㎡ (typical)​
-Contrast Ratio: 3,000:1 (static)​
-HDR Support: HDR10​
-Response Time: 4ms (GTG)​
-Refresh Rate: Up to 60Hz​
-Viewing Angle: 178° horizontal and vertical​

Smart Features:
-Smart TV Apps: Access to streaming services and other applications without the need for a PC.​
-Remote Access: Connect remotely to another PC or use Microsoft Office 365 applications directly.​

Connectivity:
-USB-C Port: Allows for data transfer, display connectivity, and device charging with up to 65W power delivery.​
-Additional Ports: Includes HDMI and USB-A ports for connecting various devices.​

Audio:
-Built-in Speakers: Eliminates the need for external speakers for everyday audio needs.', 'Monitor');
INSERT INTO product (product_id, product_name, product_desc, product_category) VALUES ('PB-V10', 'Wireless Power Bank v10', 'Battery Capacity:
-10,000mAh​

Charging Capabilities:
-Wired Charging: Supports up to 25W Super Fast Charging via USB-C, allowing for rapid charging of compatible devices.​
-Wireless Charging: Features Qi-certified wireless charging, enabling you to charge your device by simply placing it on the battery pack.​
-Dual Device Charging: Equipped with dual ports, allowing you to charge two devices simultaneously—one wired and one wireless.​

Design and Portability:
-Dimensions: 70 x 148 x 15.6 mm​
-Weight: 210 grams​
-Color: Beige​

Portability:
-Compact and lightweight design makes it convenient to carry, ensuring your devices remain powered throughout the day.​

Environmental Considerations:
-Constructed with UL-certified recycled materials, reflecting Samsung''s commitment to sustainability.', 'Powerbank');
INSERT INTO product (product_id, product_name, product_desc, product_category) VALUES ('WT-SW6', 'Sirius Smartwatch 6', 'Design and Build:
-Materials: Features a sapphire crystal front and a stainless steel frame, ensuring durability and a classic look.​
-Rotating Bezel: Equipped with a physical rotating bezel for intuitive navigation.​
-Dimensions and Weight:
	-43mm Model: 42.5 x 42.5 x 10.9 mm; weighs 52g.​
	-47mm Model: 46.5 x 46.5 x 10.9 mm; weighs 59g.​
-Strap Compatibility: Compatible with standard 20mm straps.​
-Durability: MIL-STD-810H compliant and IP68-rated, offering dust and water resistance up to 50 meters.​

Display:
-Type: Super AMOLED with Always-on Display feature.​
-Size and Resolution: Both models have a 1.5-inch display with a resolution of 480 x 480 pixels, resulting in approximately 453 ppi density.​
-Protection: Sapphire crystal for enhanced scratch resistance.​

Performance:
-Processor: Powered by the Exynos W930 chipset built on a 5nm process, featuring a dual-core 1.4 GHz Cortex-A55 CPU and Mali-G68 GPU.​
-Memory: Equipped with 2GB of RAM and 16GB of internal storage.​

Operating System:
-OS: Runs on Android Wear OS 4, upgradeable to version 5.0, with Samsung''s One UI Watch 6 interface.​
-Sensors and Health Monitoring:
-Includes accelerometer, gyroscope, compass, barometer, heart rate monitor, SpO2 sensor, and a skin temperature sensor.​
-Features ECG certification and a blood pressure monitor for comprehensive health tracking.​

Battery Life:
-Capacity:
	-43mm Model: 300mAh battery.​
	-47mm Model: 425mAh battery.​

-Charging: Supports 10W wireless charging.​

Connectivity:
-Offers eSIM support for GSM, HSPA, and LTE networks.​
-Includes Wi-Fi 802.11 a/b/g/n (dual-band), Bluetooth 5.3, NFC, and GPS with GLONASS, GALILEO, and BDS support.', 'smart watch');
INSERT INTO product (product_id, product_name, product_desc, product_category) VALUES ('WT-SW7', 'Sirius Smartwatch 7', 'Design and Display:
-Dimensions: 44.4 x 44.4 x 9.7 mm​
-Weight: 33.8 grams​
-Display: 1.47-inch Super AMOLED with a resolution of 480 x 480 pixels, protected by sapphire crystal for enhanced durability.​
-Materials: Constructed with an aluminum chassis, offering a sleek and lightweight design.​

Performance:
-Processor: Exynos W1000 chipset with a 5-core configuration (one Cortex-A78 core at 1.6GHz and four Cortex-A55 cores at up to 1.5GHz), providing efficient performance.​
-Memory: 2GB of RAM and 32GB of internal storage.​
Operating System: Runs on Wear OS 5 with Samsung''s One UI Watch 6 interface, offering a user-friendly experience.​

Health and Fitness Tracking:
-Sensors: Equipped with a heart rate monitor, blood oxygen monitor, electrocardiography (ECG), blood pressure monitor, bioelectrical impedance analysis, temperature sensor, accelerometer, barometer, gyroscope, geomagnetic sensor, and light sensor.​
-Fitness Features: Supports tracking of over 100 workouts, advanced sleep tracking, and a Body Composition tool that provides insights into metrics like body fat, water levels, and BMI.​

Battery Life:
-Capacity: 425mAh battery, offering approximately one to two days of usage depending on -settings and usage patterns.​
-Charging: Supports wireless charging up to 15W.​

Connectivity:
-Bluetooth: Version 5.3 for seamless connection with compatible devices.​
-Wi-Fi: Supports Wi-Fi 802.11 a/b/g/n, dual-band.​
-NFC: Enables contactless payments and other NFC functionalities.​
-GPS: Includes A-GPS, GLONASS, Beidou, and Galileo support for accurate location tracking.​

Additional Features:
-Water Resistance: IP68-rated, providing dust and water resistance up to 50 meters.​
-Compatibility: Designed to work seamlessly with Android smartphones, offering features like Natural Language Command and Dictation, and an Emergency SOS System.​', 'smart watch');
INSERT INTO product (product_id, product_name, product_desc, product_category) VALUES ('P-v7', 'Smart Pen v7', 'Precision and Control:
-The v Pen is sensitive to both pressure and tilt, allowing for detailed sketches and illustrations. ​

Air Command Functionality:
-Personalize v Pen actions with the Air Command feature, providing a shortcut menu for a faster workflow and greater control. ​

Water Resistance:
-With an IP68 rating, the v Pen is water-resistant, capable of withstanding submersion in up to 1.5 meters of freshwater for up to 30 minutes. ​

Convenient Storage and Charging:
-The v Pen magnetically attaches to the tablet for secure storage and charges while attached, ensuring it''s always ready for use. ​

Physical Specifications:
-Dimensions: 8.2 x 145.04 x 7.7 mm​
-Weight: 8.75 g', 'smart pen');
INSERT INTO product (product_id, product_name, product_desc, product_category) VALUES ('B-AB2', 'Sirius Buds2', 'Audio Quality:
-Balanced Sound: Engineered to deliver well-balanced audio across various genres.​

Active Noise Cancellation (ANC):
-Equipped with ANC technology that effectively reduces ambient noise, allowing for an immersive listening experience.​

Call Clarity:
-Triple Microphone System: Features three microphones and a built-in voice pickup unit to enhance call clarity.​
-Noise Filtering: Utilizes machine-learning-based solutions to filter out unwanted sounds, ensuring clearer communication.​

Design and Comfort:
-Lightweight Build: Each earbud weighs approximately 5 grams, providing comfort during extended use.​
-Ergonomic Fit: Comes with soft, flexible silicone ear tips in three sizes to ensure a secure and personalized fit.​

Battery Life:
-Long-Lasting Playtime: Offers up to 5 hours of continuous playback with ANC enabled, extending to 20 hours with the charging case.​

Connectivity:
-Bluetooth 5.2: Ensures a stable and efficient connection with compatible devices.​

Compatibility:
-Designed to work seamlessly with smartphones running Android 7.0 or higher with at least 1.5GB of RAM.​', 'earbuds');
INSERT INTO product (product_id, product_name, product_desc, product_category) VALUES ('B-AB3', 'Sirius Buds3', '360 Audio: These earbuds incorporate 360 Audio technology, which detects the direction of sound as you move your head, providing a surround sound experience for more vivid listening and viewing.

Battery Life: Each earbud is equipped with a 48mAh battery, offering up to 5 hours of continuous listening with Active Noise Cancellation (ANC) enabled, and up to 24 hours total when combined with the charging case. With ANC turned off, the earbuds can last up to 6 hours, extending to 30 hours with the case. ​

Charging Case: The redesigned charging case features a transparent top and houses a 515mAh battery, providing additional charges to keep your earbuds powered throughout the day. ​

Active Noise Cancellation (ANC): The Apollo Buds3 offer ANC capabilities, allowing you to focus on your music or calls by reducing unwanted ambient noise.

Design: Featuring an all-new, open-type design, these earbuds provide a comfortable fit for extended listening sessions. ​

Adaptive EQ: The Adaptive EQ feature automatically adjusts the sound quality based on your environment, ensuring an optimal listening experience. ', 'earbuds');

INSERT INTO product_images (product_id, image_url) VALUES ('B-AB2', 'B-AB2-3.png');
INSERT INTO product_images (product_id, image_url) VALUES ('B-AB2', 'B-AB2-1.png');
INSERT INTO product_images (product_id, image_url) VALUES ('B-AB2', 'B-AB2-2.png');
INSERT INTO product_images (product_id, image_url) VALUES ('B-AB3', 'B-AB3-1.png');
INSERT INTO product_images (product_id, image_url) VALUES ('B-AB3', 'B-AB3-2.png');
INSERT INTO product_images (product_id, image_url) VALUES ('B-AB3', 'B-AB3-3.png');
INSERT INTO product_images (product_id, image_url) VALUES ('PB-V10', 'PB-V10-1.png');
INSERT INTO product_images (product_id, image_url) VALUES ('PB-V10', 'PB-V10-2.png');
INSERT INTO product_images (product_id, image_url) VALUES ('PB-V10', 'PB-V10-3.png');
INSERT INTO product_images (product_id, image_url) VALUES ('P-v7', 'P-v7-1.png');
INSERT INTO product_images (product_id, image_url) VALUES ('P-v7', 'P-v7-2.png');
INSERT INTO product_images (product_id, image_url) VALUES ('P-v7', 'P-v7-3.png');
INSERT INTO product_images (product_id, image_url) VALUES ('WT-SW6', 'WT-SW6-1.png');
INSERT INTO product_images (product_id, image_url) VALUES ('WT-SW6', 'WT-SW6-2.png');
INSERT INTO product_images (product_id, image_url) VALUES ('WT-SW6', 'WT-SW6-3.png');
INSERT INTO product_images (product_id, image_url) VALUES ('WT-SW7', 'WT-SW7-1.png');
INSERT INTO product_images (product_id, image_url) VALUES ('WT-SW7', 'WT-SW7-2.png');
INSERT INTO product_images (product_id, image_url) VALUES ('WT-SW7', 'WT-SW7-3.png');
INSERT INTO product_images (product_id, image_url) VALUES ('MT-OG7', 'MT-OG7-1.png');
INSERT INTO product_images (product_id, image_url) VALUES ('MT-OG7', 'MT-OG7-2.png');
INSERT INTO product_images (product_id, image_url) VALUES ('MT-OG7', 'MT-OG7-3.png');
INSERT INTO product_images (product_id, image_url) VALUES ('MT-OG8', 'MT-OG8-1.png');
INSERT INTO product_images (product_id, image_url) VALUES ('MT-OG8', 'MT-OG8-2.png');
INSERT INTO product_images (product_id, image_url) VALUES ('MT-OG8', 'MT-OG8-3.png');
INSERT INTO product_images (product_id, image_url) VALUES ('MT-OS6', 'MT-OS6-1.png');
INSERT INTO product_images (product_id, image_url) VALUES ('MT-OS6', 'MT-OS6-2.png');
INSERT INTO product_images (product_id, image_url) VALUES ('MT-OS6', 'MT-OS6-3.png');
INSERT INTO product_images (product_id, image_url) VALUES ('MT-SM5', 'MT-SM5-1.png');
INSERT INTO product_images (product_id, image_url) VALUES ('MT-SM5', 'MT-SM5-2.png');
INSERT INTO product_images (product_id, image_url) VALUES ('MT-SM5', 'MT-SM5-3.png');
INSERT INTO product_images (product_id, image_url) VALUES ('MT-SM7', 'MT-SM7-1.png');
INSERT INTO product_images (product_id, image_url) VALUES ('MT-SM7', 'MT-SM7-2.png');
INSERT INTO product_images (product_id, image_url) VALUES ('MT-SM7', 'MT-SM7-3.png');
INSERT INTO product_images (product_id, image_url) VALUES ('SP-AF6', 'SP-AF6-1.png');
INSERT INTO product_images (product_id, image_url) VALUES ('SP-AF6', 'SP-AF6-2.png');
INSERT INTO product_images (product_id, image_url) VALUES ('SP-AF6', 'SP-AF6-3.png');
INSERT INTO product_images (product_id, image_url) VALUES ('SP-B06g', 'SP-B06g-1.png');
INSERT INTO product_images (product_id, image_url) VALUES ('SP-B06g', 'SP-B06g-2.png');
INSERT INTO product_images (product_id, image_url) VALUES ('SP-B06g', 'SP-B06g-3.png');
INSERT INTO product_images (product_id, image_url) VALUES ('SP-C36g', 'SP-C36g-1.png');
INSERT INTO product_images (product_id, image_url) VALUES ('SP-C36g', 'SP-C36g-2.png');
INSERT INTO product_images (product_id, image_url) VALUES ('SP-C36g', 'SP-C36g-3.png');
INSERT INTO product_images (product_id, image_url) VALUES ('SP-S24', 'SP-S24-1.png');
INSERT INTO product_images (product_id, image_url) VALUES ('SP-S24', 'SP-S24-2.png');
INSERT INTO product_images (product_id, image_url) VALUES ('SP-S24', 'SP-S24-3.png');
INSERT INTO product_images (product_id, image_url) VALUES ('SP-S25U', 'SP-S25U-1.png');
INSERT INTO product_images (product_id, image_url) VALUES ('SP-S25U', 'SP-S25U-2.png');
INSERT INTO product_images (product_id, image_url) VALUES ('SP-S25U', 'SP-S25U-3.png');
INSERT INTO product_images (product_id, image_url) VALUES ('T-S6L', 'T-S6L-1.png');
INSERT INTO product_images (product_id, image_url) VALUES ('T-S6L', 'T-S6L-2.png');
INSERT INTO product_images (product_id, image_url) VALUES ('T-S6L', 'T-S6L-3.png');
INSERT INTO product_images (product_id, image_url) VALUES ('T-S10+', 'T-S10+-1.png');
INSERT INTO product_images (product_id, image_url) VALUES ('T-S10+', 'T-S10+-2.png');
INSERT INTO product_images (product_id, image_url) VALUES ('T-S10+', 'T-S10+-3.png');

INSERT INTO variant (variant_id, product_id, variant_name, variant_price) VALUES ('SP-WT-256-S24', 'SP-S24', 'Samseng Milkyway S24 256gb White', 1699.00);
INSERT INTO variant (variant_id, product_id, variant_name, variant_price) VALUES ('SP-BK-256-S24', 'SP-S24', 'Samseng Milkyway S24 256gb Black', 1699.00);
INSERT INTO variant (variant_id, product_id, variant_name, variant_price) VALUES ('SP-YL-256-S24', 'SP-S24', 'Samseng Milkyway S24 256gb Yellow', 1699.00);
INSERT INTO variant (variant_id, product_id, variant_name, variant_price) VALUES ('SP-WT-512-S24', 'SP-S24', 'Samseng Milkyway S24 512gb White', 1899.00);
INSERT INTO variant (variant_id, product_id, variant_name, variant_price) VALUES ('SP-BK-512-S24', 'SP-S24', 'Samseng Milkyway S24 512gb Black', 1899.00);
INSERT INTO variant (variant_id, product_id, variant_name, variant_price) VALUES ('SP-YL-512-S24', 'SP-S24', 'Samseng Milkyway S24 512gb Yellow', 1899.00);
INSERT INTO variant (variant_id, product_id, variant_name, variant_price) VALUES ('SP-WT-1TB-S24', 'SP-S24', 'Samseng Milkyway S24 1tb White', 2199.00);
INSERT INTO variant (variant_id, product_id, variant_name, variant_price) VALUES ('SP-BK-1TB-S24', 'SP-S24', 'Samseng Milkyway S24 1tb Black', 2199.00);
INSERT INTO variant (variant_id, product_id, variant_name, variant_price) VALUES ('SP-YL-1TB-S24', 'SP-S24', 'Samseng Milkyway S24 1tb Yellow', 2199.00);
INSERT INTO variant (variant_id, product_id, variant_name, variant_price) VALUES ('SP-WT-256-AF6', 'SP-AF6', 'Samseng Milkyway A Fold6 256gb White', 5799.00);
INSERT INTO variant (variant_id, product_id, variant_name, variant_price) VALUES ('SP-BK-256-AF6', 'SP-AF6', 'Samseng Milkyway A Fold6 256gb Black', 5799.00);
INSERT INTO variant (variant_id, product_id, variant_name, variant_price) VALUES ('SP-PK-256-AF6', 'SP-AF6', 'Samseng Milkyway A Fold6 256gb Pink', 5799.00);
INSERT INTO variant (variant_id, product_id, variant_name, variant_price) VALUES ('SP-WT-512-AF6', 'SP-AF6', 'Samseng Milkyway A Fold6 512gb White', 5999.00);
INSERT INTO variant (variant_id, product_id, variant_name, variant_price) VALUES ('SP-BK-512-AF6', 'SP-AF6', 'Samseng Milkyway A Fold6 512gb Black', 5999.00);
INSERT INTO variant (variant_id, product_id, variant_name, variant_price) VALUES ('SP-PK-512-AF6', 'SP-AF6', 'Samseng Milkyway A Fold6 512gb Pink', 5999.00);
INSERT INTO variant (variant_id, product_id, variant_name, variant_price) VALUES ('SP-WT-1TB-AF6', 'SP-AF6', 'Samseng Milkyway A Fold6 1tb White', 6399.00);
INSERT INTO variant (variant_id, product_id, variant_name, variant_price) VALUES ('SP-BK-1TB-AF6', 'SP-AF6', 'Samseng Milkyway A Fold6 1tb Black', 6399.00);
INSERT INTO variant (variant_id, product_id, variant_name, variant_price) VALUES ('SP-PK-1TB-AF6', 'SP-AF6', 'Samseng Milkyway A Fold6 1tb Pink', 6399.00);
INSERT INTO variant (variant_id, product_id, variant_name, variant_price) VALUES ('SP-WT-256-S25U', 'SP-S25U', 'Samseng MilkyWay S25 Ultra 256gb White', 4399.00);
INSERT INTO variant (variant_id, product_id, variant_name, variant_price) VALUES ('SP-BK-256-S25U', 'SP-S25U', 'Samseng MilkyWay S25 Ultra 256gb Black', 4399.00);
INSERT INTO variant (variant_id, product_id, variant_name, variant_price) VALUES ('SP-YL-256-S25U', 'SP-S25U', 'Samseng MilkyWay S25 Ultra 256gb Yellow', 4399.00);
INSERT INTO variant (variant_id, product_id, variant_name, variant_price) VALUES ('SP-WT-512-S25U', 'SP-S25U', 'Samseng MilkyWay S25 Ultra 512gb White', 4599.00);
INSERT INTO variant (variant_id, product_id, variant_name, variant_price) VALUES ('SP-BK-512-S25U', 'SP-S25U', 'Samseng MilkyWay S25 Ultra 512gb Black', 4599.00);
INSERT INTO variant (variant_id, product_id, variant_name, variant_price) VALUES ('SP-YL-512-S25U', 'SP-S25U', 'Samseng MilkyWay S25 Ultra 512gb Yellow', 4599.00);
INSERT INTO variant (variant_id, product_id, variant_name, variant_price) VALUES ('SP-WT-1TB-S25U', 'SP-S25U', 'Samseng MilkyWay S25 Ultra 1tb White', 4899.00);
INSERT INTO variant (variant_id, product_id, variant_name, variant_price) VALUES ('SP-BK-1TB-S25U', 'SP-S25U', 'Samseng MilkyWay S25 Ultra 1tb Black', 4899.00);
INSERT INTO variant (variant_id, product_id, variant_name, variant_price) VALUES ('SP-Yellow-1TB-S25U', 'SP-S25U', 'Samseng MilkyWay S25 Ultra 1tb Yellow', 4899.00);
INSERT INTO variant (variant_id, product_id, variant_name, variant_price) VALUES ('SP-WT-256-C36g', 'SP-C36g', 'Samseng MilkyWay C36 5G 256gb White', 2599.00);
INSERT INTO variant (variant_id, product_id, variant_name, variant_price) VALUES ('SP-BK-256-C36g', 'SP-C36g', 'Samseng MilkyWay C36 5G 256gb Black', 2599.00);
INSERT INTO variant (variant_id, product_id, variant_name, variant_price) VALUES ('SP-GR-256-C36g', 'SP-C36g', 'Samseng MilkyWay C36 5G 256gb Green', 2599.00);
INSERT INTO variant (variant_id, product_id, variant_name, variant_price) VALUES ('SP-WT-512-C36g', 'SP-C36g', 'Samseng MilkyWay C36 5G 512gb White', 2799.00);
INSERT INTO variant (variant_id, product_id, variant_name, variant_price) VALUES ('SP-BK-512-C36g', 'SP-C36g', 'Samseng MilkyWay C36 5G 512gb Black', 2799.00);
INSERT INTO variant (variant_id, product_id, variant_name, variant_price) VALUES ('SP-GR-512-C36g', 'SP-C36g', 'Samseng MilkyWay C36 5G 512gb Green', 2799.00);
INSERT INTO variant (variant_id, product_id, variant_name, variant_price) VALUES ('SP-WT-1TB-C36g', 'SP-C36g', 'Samseng MilkyWay C36 5G 1tb White', 3099.00);
INSERT INTO variant (variant_id, product_id, variant_name, variant_price) VALUES ('SP-BK-1TB-C36g', 'SP-C36g', 'Samseng MilkyWay C36 5G 1tb Black', 3099.00);
INSERT INTO variant (variant_id, product_id, variant_name, variant_price) VALUES ('SP-GR-1TB-C36g', 'SP-C36g', 'Samseng MilkyWay C36 5G 1tb Green', 3099.00);
INSERT INTO variant (variant_id, product_id, variant_name, variant_price) VALUES ('SP-WT-256-B6g', 'SP-B06g', 'Samseng Milkyway B06 5G 256gb White', 2199.00);
INSERT INTO variant (variant_id, product_id, variant_name, variant_price) VALUES ('SP-BK-256-B6g', 'SP-B06g', 'Samseng Milkyway B06 5G 256gb Black', 2199.00);
INSERT INTO variant (variant_id, product_id, variant_name, variant_price) VALUES ('SP-GR-256-B6g', 'SP-B06g', 'Samseng Milkyway B06 5G 256gb Green', 2199.00);
INSERT INTO variant (variant_id, product_id, variant_name, variant_price) VALUES ('SP-WT-512-B6g', 'SP-B06g', 'Samseng Milkyway B06 5G 512gb White', 2399.00);
INSERT INTO variant (variant_id, product_id, variant_name, variant_price) VALUES ('SP-BK-512-B6g', 'SP-B06g', 'Samseng Milkyway B06 5G 512gb Black', 2399.00);
INSERT INTO variant (variant_id, product_id, variant_name, variant_price) VALUES ('SP-GR-512-B6g', 'SP-B06g', 'Samseng Milkyway B06 5G 512gb Green', 2399.00);
INSERT INTO variant (variant_id, product_id, variant_name, variant_price) VALUES ('SP-WT-1TB-B6g', 'SP-B06g', 'Samseng Milkyway B06 5G 1tb White', 2699.00);
INSERT INTO variant (variant_id, product_id, variant_name, variant_price) VALUES ('SP-BK-1TB-B6g', 'SP-B06g', 'Samseng Milkyway B06 5G 1tb Black', 2699.00);
INSERT INTO variant (variant_id, product_id, variant_name, variant_price) VALUES ('SP-GR-1TB-B6g', 'SP-B06g', 'Samseng Milkyway B06 5G 1tb Green', 2699.00);
INSERT INTO variant (variant_id, product_id, variant_name, variant_price) VALUES ('T-WT-256-S10+', 'T-S10+', 'Milkyway Tab S10+ 256gb White',         4999.00);
INSERT INTO variant (variant_id, product_id, variant_name, variant_price) VALUES ('T-BK-256-S10+', 'T-S10+', 'Milkyway Tab S10+ 256gb Black',         4999.00);
INSERT INTO variant (variant_id, product_id, variant_name, variant_price) VALUES ('MT-BK-27-OG6', 'MT-OG7', '    Olympus G7 UHD 144Hz Gaming Monitor 27'''' Black', 3499.00);
INSERT INTO variant (variant_id, product_id, variant_name, variant_price) VALUES ('MT-BK-32-OG6', 'MT-OG7', '    Olympus G7 UHD 144Hz Gaming Monitor 32'''' Black', 3899.00);
INSERT INTO variant (variant_id, product_id, variant_name, variant_price) VALUES ('MT-WT-27-OG8', 'MT-OG8', '    Olympus OLED G8 4k 240Hz Gaming Monitor 27'''' White', 3799.00);
INSERT INTO variant (variant_id, product_id, variant_name, variant_price) VALUES ('MT-WT-32-OG8', 'MT-OG8', '    Olympus OLED G8 4k 240Hz Gaming Monitor 32'''' White', 4199.00);
INSERT INTO variant (variant_id, product_id, variant_name, variant_price) VALUES ('MT-BK-49-OS6', 'MT-OS6', '    49'''' Olympus Monitor S6 Black', 6900.00);
INSERT INTO variant (variant_id, product_id, variant_name, variant_price) VALUES ('MT-BK-27-SM5', 'MT-SM5', '    Smart Monitor M5 UHD 27'''' Black', 999.00);
INSERT INTO variant (variant_id, product_id, variant_name, variant_price) VALUES ('MT-BK-32-SM5', 'MT-SM5', '    Smart Monitor M5 UHD 32'''' Black', 1299.00);
INSERT INTO variant (variant_id, product_id, variant_name, variant_price) VALUES ('MT-WT-27-SM7', 'MT-SM7', '    Smart Monitor M7 UHD 27'''' White', 1399.00);
INSERT INTO variant (variant_id, product_id, variant_name, variant_price) VALUES ('MT-WT-32-SM7', 'MT-SM7', '    Smart Monitor M7 UHD 32'''' White', 1699.00);
INSERT INTO variant (variant_id, product_id, variant_name, variant_price) VALUES ('WT-BK-43-SW6', 'WT-SW6', 'Sirius Smartwatch 6 43mm Black', 1399.00);
INSERT INTO variant (variant_id, product_id, variant_name, variant_price) VALUES ('WT-BK-47-SW6', 'WT-SW6', 'Sirius Smartwatch 6 47mm Black', 1499.00);
INSERT INTO variant (variant_id, product_id, variant_name, variant_price) VALUES ('WT-WT-43-SW6', 'WT-SW6', 'Sirius Smartwatch 6 43mm White', 1399.00);
INSERT INTO variant (variant_id, product_id, variant_name, variant_price) VALUES ('WT-WT-47-SW6', 'WT-SW6', 'Sirius Smartwatch 6 47mm White', 1499.00);
INSERT INTO variant (variant_id, product_id, variant_name, variant_price) VALUES ('WT-PK-43-SW6', 'WT-SW6', 'Sirius Smartwatch 6 43mm Pink', 1399.00);
INSERT INTO variant (variant_id, product_id, variant_name, variant_price) VALUES ('WT-PK-47-SW6', 'WT-SW6', 'Sirius Smartwatch 6 47mm Pink', 1499.00);
INSERT INTO variant (variant_id, product_id, variant_name, variant_price) VALUES ('WT-GR-40-SW7', 'WT-SW7', 'Sirius Smartwatch 7 40mm Green', 1199.00);
INSERT INTO variant (variant_id, product_id, variant_name, variant_price) VALUES ('WT-GR-44-SW7', 'WT-SW7', 'Sirius Smartwatch 7 44mm Green', 1299.00);
INSERT INTO variant (variant_id, product_id, variant_name, variant_price) VALUES ('WT-WT-40-SW7', 'WT-SW7', 'Sirius Smartwatch 7 40mm White', 1199.00);
INSERT INTO variant (variant_id, product_id, variant_name, variant_price) VALUES ('WT-WT-44-SW7', 'WT-SW7', 'Sirius Smartwatch 7 44mm White', 1299.00);
INSERT INTO variant (variant_id, product_id, variant_name, variant_price) VALUES ('WT-GY-40-SW7', 'WT-SW7', 'Sirius Smartwatch 7 40mm Grey', 1199.00);
INSERT INTO variant (variant_id, product_id, variant_name, variant_price) VALUES ('WT-GY-44-SW7', 'WT-SW7', 'Sirius Smartwatch 7 44mm Grey', 1299.00);
INSERT INTO variant (variant_id, product_id, variant_name, variant_price) VALUES ('P-BK-v7', 'P-v7', 'Smart Pen v7 Black', 59.00);
INSERT INTO variant (variant_id, product_id, variant_name, variant_price) VALUES ('P-WT-v7', 'P-v7', 'Smart Pen v7 White', 59.00);
INSERT INTO variant (variant_id, product_id, variant_name, variant_price) VALUES ('P-PK-v7', 'P-v7', 'Smart Pen v7 Pink', 59.00);
INSERT INTO variant (variant_id, product_id, variant_name, variant_price) VALUES ('B-BK-AB2', 'B-AB2', 'Sirius Buds2 Black', 399.00);
INSERT INTO variant (variant_id, product_id, variant_name, variant_price) VALUES ('B-WT-AB2', 'B-AB2', 'Sirius Buds2 White', 399.00);
INSERT INTO variant (variant_id, product_id, variant_name, variant_price) VALUES ('B-LD-AB2', 'B-AB2', 'Sirius Buds2 Lavender', 399.00);
INSERT INTO variant (variant_id, product_id, variant_name, variant_price) VALUES ('B-BK-AB3', 'B-AB3', 'Sirius Buds3 Black', 599.00);
INSERT INTO variant (variant_id, product_id, variant_name, variant_price) VALUES ('B-WT-AB3', 'B-AB3', 'Sirius Buds3 White', 599.00);
INSERT INTO variant (variant_id, product_id, variant_name, variant_price) VALUES ('PB-WT-10K-v10', 'PB-v10', 'Wireless Power Bank v10', 199.00);
INSERT INTO variant (variant_id, product_id, variant_name, variant_price) VALUES
                                                                              ('T-WT-128-S6L', 'T-S6L', 'Milkyway Tab S6 Lite White', 1299.00),
                                                                              ('T-BK-128-S6L', 'T-S6L', 'Milkyway Tab S6 Lite Black', 1299.00),
                                                                              ('T-GR-128-S6L', 'T-S6L', 'Milkyway Tab S6 Lite Green', 1299.00);


